[
    {
        "title": "Hola CDMX!",
        "description": "esta es una prueba",
        "date": "05/05/2019",
        "url": "lksjkl"
    },
    {
        "title": "Test test test",
        "description": "esta es una prueba",
        "date": "05/05/2019",
        "url": "lksjkl"
    },
    {
        "title": "Test test test",
        "description": "esta es una prueba",
        "date": "05/05/2019",
        "url": "lksjkl"
    },
    {
        "title": "Test test test",
        "description": "esta es una prueba",
        "date": "05/05/2019",
        "url": "lksjkl"
    }
]